timestamp,run_id,mode,zone_temp_c_SPACE1-1,zone_temp_c_SPACE2-1,zone_temp_c_SPACE3-1,zone_temp_c_SPACE4-1,zone_temp_c_SPACE5-1,zone_occupant_count_SPACE1-1,zone_occupant_count_SPACE2-1,zone_occupant_count_SPACE3-1,zone_occupant_count_SPACE4-1,zone_occupant_count_SPACE5-1,outdoor_temp_c,heating_setpoint_c,cooling_setpoint_c,hvac_electricity_interval_kwh,hvac_electricity_cumulative_kwh,hvac_gas_interval_kwh,hvac_gas_cumulative_kwh
1986-01-14T00:15:00,native_showcase,mcp,17.998676323142277,18.001711015753756,17.999362437810234,18.00054368832342,18.862116564169835,0.0,0.0,0.0,0.0,0.0,-12.600000000000001,18.0,27.0,0.09183615471624539,0.09183615471624539,1.1751233804275045,1.1751233804275045
1986-01-14T00:30:00,native_showcase,mcp,18.00039505643186,18.00146561667861,18.00085660865691,18.000010608558927,18.773931793268574,0.0,0.0,0.0,0.0,0.0,-10.8,18.0,27.0,0.09183615471624539,0.18367230943249077,1.1828959278989424,2.3580193083264467
1986-01-14T00:45:00,native_showcase,mcp,18.00076889795394,17.999435524376818,17.99993368654232,17.99946528063348,18.68956980492522,0.0,0.0,0.0,0.0,0.0,-9.0,18.0,27.0,0.09183615471624539,0.27550846414873614,1.1697756164929058,3.5277949248193528
1986-01-14T01:00:00,native_showcase,mcp,17.999825535228823,18.000250972147786,18.000396476173393,18.00037941512456,18.61439814342627,0.0,0.0,0.0,0.0,0.0,-7.2,18.0,27.0,0.09183615471624539,0.36734461886498154,1.1500679439281503,4.6778628687475035
1986-01-14T01:15:00,native_showcase,mcp,17.999575226054056,18.000126508429016,18.00014758815095,17.999126300075954,18.566736866354386,0.0,0.0,0.0,0.0,0.0,-7.3500000000000005,18.0,27.0,0.09183615471624539,0.45918077358122694,1.1568681275351915,5.834730996282695
1986-01-14T01:38:00,native_showcase,mcp,17.50070980232877,17.502132657531853,17.500022476953255,17.502639638424068,18.5334711742025,0.0,0.0,0.0,0.0,0.0,-7.5,17.5,26.5,0.09183615471624539,0.5510169282974723,0.21334180783011827,6.048072804112813
1986-01-14T01:45:00,native_showcase,mcp,17.500072879742838,17.500569799584905,17.499188922733502,17.499545451273338,18.519049983419542,0.0,0.0,0.0,0.0,0.0,-7.6499999999999995,17.5,26.5,0.09183615471624539,0.6428530830137177,0.9392330555100564,6.98730585962287
1986-01-14T02:00:00,native_showcase,mcp,17.499769946868344,17.499867179152357,17.500317007867768,17.500195337404634,18.503989614160428,0.0,0.0,0.0,0.0,0.0,-7.8,17.5,26.5,0.09183615471624539,0.7346892377299631,0.6974320183155232,7.684737877938393
1986-01-14T02:15:00,native_showcase,mcp,17.500995871033528,17.500298807858243,17.499880586415525,17.499629134242152,18.501030568518537,0.0,0.0,0.0,0.0,0.0,-6.949999999999999,17.5,26.5,0.09183615471624539,0.8265253924462085,0.7299170473354621,8.414654925273855
1986-01-14T02:38:00,native_showcase,mcp,16.95875402402699,17.007333501454948,16.974642418114005,16.99627943379855,18.509287692301964,0.0,0.0,0.0,0.0,0.0,-6.1,14.5,23.5,0.09183615471624539,0.9183615471624539,0.03444551571954379,8.449100440993398
1986-01-14T02:45:00,native_showcase,mcp,16.823683281265268,16.8810085274911,16.843440745782928,16.880343019550295,18.517619661620877,0.0,0.0,0.0,0.0,0.0,-5.25,14.5,23.5,0.09183615471624539,1.0101977018786992,0.03861784205514293,8.48771828304854
1986-01-14T03:00:00,native_showcase,mcp,16.765414663983986,16.836099525145592,16.78435337895171,16.828197335725736,18.527032297892674,0.0,0.0,0.0,0.0,0.0,-4.4,14.5,23.5,0.09183615471624539,1.1020338565949446,0.046691835980425755,8.534410119028966
1986-01-14T03:15:00,native_showcase,mcp,16.743027649713937,16.814967140030205,16.761067609038935,16.801818553966424,18.52172556002884,0.0,0.0,0.0,0.0,0.0,-4.4,14.5,23.5,0.09183615471624539,1.19387001131119,0.07729372502080537,8.61170384404977
1986-01-14T03:30:00,native_showcase,mcp,16.711165417270006,16.781692330827116,16.729327115773064,16.76778042340455,18.507521446051108,0.0,0.0,0.0,0.0,0.0,-4.4,12.0,22.0,0.09183615471624539,1.2857061660274354,0.10481532808178273,8.716519172131553
1986-01-14T03:45:00,native_showcase,mcp,16.67917161923273,16.74950019902934,16.6976284498707,16.736027152390168,18.491903097741492,0.0,0.0,0.0,0.0,0.0,-4.4,12.0,22.0,0.09183615471624539,1.3775423207436808,0.12439266318078578,8.840911835312339
1986-01-14T04:00:00,native_showcase,mcp,16.65368208023004,16.72436591875585,16.67233423806356,16.71114178976754,18.477548855982153,0.0,0.0,0.0,0.0,0.0,-4.4,12.0,22.0,0.09183615471624539,1.4693784754599262,0.13808747870881743,8.978999314021156
1986-01-14T04:15:00,native_showcase,mcp,16.642685487509276,16.713250595699563,16.66167202848528,16.700055373507812,18.48261023288339,0.0,0.0,0.0,0.0,0.0,-4.825,12.0,22.0,0.09183615471624539,1.5612146301761716,0.14817648454153973,9.127175798562696
1986-01-14T04:30:00,native_showcase,mcp,16.6415700915105,16.711102415476628,16.66102100592041,16.697858876695932,18.502998854136784,0.0,0.0,0.0,0.0,0.0,-5.25,15.0,22.0,0.09183615471624539,1.653050784892417,0.15447381175443256,9.281649610317128
1986-01-14T04:45:00,native_showcase,mcp,16.646257939493488,16.71396699991276,16.666127405592427,16.700636169146374,18.53140694723352,0.0,0.0,0.0,0.0,0.0,-5.674999999999999,15.0,22.0,0.09183615471624539,1.7448869396086624,0.15751716808781455,9.439166778404942
1986-01-14T05:00:00,native_showcase,mcp,16.655493945434273,16.720809870138023,16.67579618433125,16.707346428740312,18.564923961817804,0.0,0.0,0.0,0.0,0.0,-6.1,15.0,22.0,0.09183615471624539,1.8367230943249078,0.15786123394683976,9.597028012351782
1986-01-14T05:15:00,native_showcase,mcp,16.637254282314498,16.703905449640388,16.658274166042563,16.6904838093601,18.565089431669186,0.0,0.0,0.0,0.0,0.0,-6.249999999999999,15.0,22.0,0.09183615471624539,1.9285592490411532,0.15575918393136337,9.752787196283146
1986-01-14T05:30:00,native_showcase,mcp,16.6002105278144,16.671925661141767,16.621990910824042,16.65876309240472,18.54008502759672,0.0,0.0,0.0,0.0,0.0,-6.4,15.0,25.0,0.09183615471624539,2.0203954037573983,0.15199709846122322,9.904784294744369
1986-01-14T05:45:00,native_showcase,mcp,16.556582018586347,16.635291374482588,16.579060196099217,16.62255359099306,18.505371309326677,0.0,0.0,0.0,0.0,0.0,-6.550000000000001,15.0,25.0,0.09183615471624539,2.1122315584736437,0.14848994266137203,10.053274237405741
1986-01-14T06:00:00,native_showcase,mcp,16.50990536268965,16.59626818832875,16.533033143576677,16.58404006393616,18.466878961751767,0.0,0.0,0.0,0.0,0.0,-6.7,15.0,25.0,0.09183615471624539,2.204067713189889,0.14653713717316755,10.199811374578909
1986-01-14T06:15:00,native_showcase,mcp,16.44104412698761,16.499772991032778,16.465881585017936,16.48102698242364,18.41502718350492,0.0,0.0,0.0,0.0,0.0,-6.425000000000001,15.0,25.0,0.09183615471624539,2.2959038679061345,2.655361408913474,12.855172783492382
1986-01-14T06:30:00,native_showcase,mcp,16.437132123485767,16.51018117181511,16.460986588313713,16.494690811789127,18.401758508905054,0.0,0.0,0.0,0.0,0.0,-6.15,15.0,24.0,0.09183615471624539,2.38774002262238,2.673231521976032,15.528404305468413
1986-01-14T06:45:00,native_showcase,mcp,16.441648869001614,16.526819295788577,16.46450745302496,16.51444036591678,18.395457950582717,0.0,0.0,0.0,0.0,0.0,-5.874999999999999,15.0,24.0,0.09183615471624539,2.4795761773386253,2.0996426496973486,17.62804695516576
1986-01-14T07:00:00,native_showcase,mcp,16.43746064484689,16.52448891515281,16.459763746912003,16.5130295411592,18.383443070756442,0.0,0.0,0.0,0.0,0.0,-5.6,15.0,24.0,0.09183615471624539,2.5714123320548707,2.0152269435611427,19.643273898726903
1986-01-14T07:15:00,native_showcase,mcp,16.40997271612763,16.498440878869907,16.431892912455595,16.487344498024385,18.345088097606627,0.0,0.0,0.0,0.0,0.0,-5.299999999999999,15.0,24.0,0.09183615471624539,2.663248486771116,1.9807525126531544,21.624026411380058
1986-01-14T07:30:00,native_showcase,mcp,16.38157918388768,16.509935320531287,16.410357767198082,16.469252767841347,18.29053206995438,0.0,0.0,0.0,0.0,0.0,-5.0,12.0,24.0,0.09183615471624539,2.7550846414873615,1.9521808909843723,23.57620730236443
1986-01-14T07:45:00,native_showcase,mcp,16.36236727919501,16.564284443406216,16.401934867763092,16.463449225652237,18.231640516587714,0.0,0.0,0.0,0.0,0.0,-4.7,12.0,24.0,0.09183615471624539,2.846920796203607,1.923261453539057,25.499468755903486
1986-01-14T08:00:00,native_showcase,mcp,16.35069564347481,16.63139700770665,16.403505304983025,16.46636260868629,18.173355614658455,0.0,0.0,0.0,0.0,0.0,-4.4,12.0,24.0,0.09183615471624539,2.9387569509198523,1.8952793755746076,27.394748131478092
1986-01-14T08:20:00,native_showcase,mcp,17.444056240708683,17.839484390309114,17.53585951847954,17.491986408911906,19.38235299687001,11.0,5.0,11.0,5.0,20.0,-4.550000000000001,12.0,24.0,0.09183615471624539,3.0305931056360977,1.9036367368046194,29.29838486828271
1986-01-14T08:32:00,native_showcase,mcp,20.00006094525448,20.00029791555229,20.00086272742858,20.000464054314538,20.000079686196774,11.0,5.0,11.0,5.0,20.0,-4.7,20.0,23.5,0.09183615471624539,3.122429260352343,4.955788768137299,34.254173636420006
1986-01-14T08:53:00,native_showcase,mcp,20.000676359740073,20.000354552190977,20.000119558781744,19.99853383717465,20.328970584950408,11.0,5.0,11.0,5.0,20.0,-4.85,20.0,23.5,0.09183615471624539,3.2142654150685885,3.0090886143312017,37.26326225075121
1986-01-14T09:00:00,native_showcase,mcp,20.0007237310984,20.000907119673126,19.99999221525715,20.002134472042304,20.49375137143456,11.0,5.0,11.0,5.0,20.0,-5.0,20.0,23.5,0.09183615471624539,3.306101569784834,3.0268555441326774,40.29011779488389
1986-01-14T09:23:00,native_showcase,mcp,20.000033470282073,20.000151507238332,20.000454071758195,19.99984451940406,21.183435417008216,11.0,5.0,11.0,5.0,20.0,-4.85,20.0,23.5,0.09183615471624539,3.3979377245010793,2.3946658554623546,42.68478365034625
1986-01-14T09:38:00,native_showcase,mcp,20.00024718705672,20.00095947738142,20.000629762063436,20.00083145313068,21.602081910593057,11.0,5.0,11.0,5.0,20.0,-4.7,20.0,23.5,0.09183615471624539,3.4897738792173247,2.1615512720004766,44.84633492234673
1986-01-14T09:53:00,native_showcase,mcp,20.00071007611708,20.01951153348501,20.002854399487973,20.001029642199303,21.83806110594883,11.0,5.0,11.0,5.0,20.0,-4.550000000000001,20.0,23.5,0.09183615471624539,3.58161003393357,2.0061653785206635,46.85250030086739
1986-01-14T10:00:00,native_showcase,mcp,20.001049965059664,20.090742569471058,20.07189879770997,20.000697670874796,21.971571676608008,11.0,5.0,11.0,5.0,20.0,-4.4,20.0,23.5,0.09183615471624539,3.6734461886498155,1.9220951327417901,48.77459543360918
1986-01-14T10:15:00,native_showcase,mcp,20.02285015052655,20.21371406861621,20.20897078180105,19.999603948407685,22.14160044400488,11.0,5.0,11.0,5.0,20.0,-4.4,20.0,23.5,0.09183615471624539,3.765282343366061,1.868985262016919,50.6435806956261
1986-01-14T10:30:00,native_showcase,mcp,20.10127847066906,20.344144462033203,20.358374608084105,20.05124323311446,22.301962801938977,11.0,5.0,11.0,5.0,20.0,-4.4,20.0,23.5,0.09183615471624539,3.8571184980823063,1.8514665711506042,52.4950472667767
1986-01-14T10:45:00,native_showcase,mcp,20.212342891494256,20.464967100321317,20.505936977032537,20.146642712843157,22.445185455934592,11.0,5.0,11.0,5.0,20.0,-4.4,20.0,23.0,0.09183615471624539,3.9489546527985517,1.8468872907641256,54.341934557540824
1986-01-14T11:00:00,native_showcase,mcp,20.331738886624255,20.581740107279316,20.644390902029848,20.252690251729536,22.5722311727897,11.0,5.0,11.0,5.0,20.0,-4.4,20.0,23.0,0.09183615471624539,4.040790807514797,1.8433806278695317,56.18531518541035
1986-01-14T11:15:00,native_showcase,mcp,20.344021718781217,20.577179514976553,20.672692981869236,20.239168702076054,22.569442797890865,8.8,4.0,8.8,4.0,16.0,-4.275,20.0,23.0,0.09183615471624539,4.132626962231042,1.8274365238449732,58.012751709255326
1986-01-14T11:30:00,native_showcase,mcp,20.367711239336458,20.58641427621215,20.691902014409376,20.238914433180796,22.555812906739394,8.8,4.0,8.8,4.0,16.0,-4.15,20.0,23.0,0.09183615471624539,4.224463116947287,1.8125702501124075,59.825321959367734
1986-01-14T11:45:00,native_showcase,mcp,20.411082888403037,20.62380779620666,20.738240837051613,20.28114745651621,22.57176703519434,8.8,4.0,8.8,4.0,16.0,-4.025,20.0,23.0,0.09183615471624539,4.316299271663532,1.7979656942780116,61.62328765364575
1986-01-14T12:00:00,native_showcase,mcp,20.461766897950735,20.664637324158214,20.791565037243608,20.32873253438257,22.60305425711443,8.8,4.0,8.8,4.0,16.0,-3.9,20.0,23.0,0.09183615471624539,4.4081354263797765,1.783234381364867,63.40652203501061
1986-01-14T12:15:00,native_showcase,mcp,20.311579072491238,20.507655700015988,20.64152624112838,20.207149441561384,22.45286527392582,4.4,2.0,4.4,2.0,8.0,-3.9,20.0,23.0,0.09183615471624539,4.4999715810960215,1.7811324352439697,65.18765447025459
1986-01-14T12:30:00,native_showcase,mcp,20.21736076994356,20.42953316724923,20.539991334333543,20.149923137504285,22.34487666867915,4.4,2.0,4.4,2.0,8.0,-3.9,20.0,23.0,0.09183615471624539,4.591807735812266,1.7807609393944874,66.96841540964907
1986-01-14T12:45:00,native_showcase,mcp,20.48984163115627,20.51524253734467,20.54127023876538,20.166434250167526,22.335094302961014,4.4,2.0,4.4,2.0,8.0,-3.9,20.0,23.0,0.09183615471624539,4.683643890528511,1.7792469915472124,68.74766240119628
1986-01-14T13:08:00,native_showcase,mcp,21.11748893419858,20.64452861666375,20.588681816534258,20.201977071307123,22.395100869180858,4.4,2.0,4.4,2.0,8.0,-3.9,20.0,23.0,0.09183615471624539,4.775480045244756,1.7753792015385126,70.52304160273479
1986-01-14T13:20:00,native_showcase,mcp,22.132371930892855,20.91678603220488,20.922590393230834,20.45440583175577,22.747323062950205,8.8,4.0,8.8,4.0,16.0,-3.75,20.0,23.0,0.09183615471624539,4.867316199961001,1.755754684356737,72.27879628709152
1986-01-14T13:35:00,native_showcase,mcp,22.920775915282984,20.97873271215411,21.00557364532821,20.513905769929753,22.921306732184046,8.8,4.0,8.8,4.0,16.0,-3.5999999999999996,20.0,23.0,0.09183615471624539,4.959152354677246,1.7374076316976832,74.0162039187892
1986-01-14T13:45:00,native_showcase,mcp,22.990765738585388,20.9603076043027,21.032427673434373,20.52981495215366,22.99703212440276,8.8,4.0,8.8,4.0,16.0,-3.4499999999999997,20.0,23.0,0.09509905353124727,5.0542514082084935,1.4864446874816213,75.50264860627082
1986-01-14T14:00:00,native_showcase,mcp,22.99804925989647,20.93131651379608,21.028658254445574,20.551945476697306,22.99930948406827,8.8,4.0,8.8,4.0,16.0,-3.3,20.0,23.0,0.0977115909514347,5.151962999159928,1.4716004710397184,76.97424907731055
1986-01-14T14:23:00,native_showcase,mcp,22.999473167343684,21.016279419812147,21.120621486091018,20.698748728534586,22.999524531589906,11.0,5.0,11.0,5.0,20.0,-3.175,20.0,23.0,0.10268805995082073,5.254651059110749,1.338916759250674,78.31316583656123
1986-01-14T14:30:00,native_showcase,mcp,23.021545802901418,21.047674036854307,21.15925249844494,20.786621463687805,22.999295795906672,11.0,5.0,11.0,5.0,20.0,-3.05,20.0,23.0,0.10520591559838972,5.359856974709139,1.289122999327978,79.6022888358892
1986-01-14T14:45:00,native_showcase,mcp,23.094438826112903,21.056878665970615,21.177477259485215,20.88971645735366,22.99925803412805,11.0,5.0,11.0,5.0,20.0,-2.925,20.0,23.0,0.10576304836647793,5.4656200230756165,1.2727565643116452,80.87504540020085
1986-01-14T15:00:00,native_showcase,mcp,23.13306535342364,21.037553262697514,21.166923042199315,20.981541170917236,22.730988173115332,11.0,5.0,11.0,5.0,20.0,-2.8,20.5,22.5,0.11562871567094406,5.58124873874656,1.0471417934069525,81.9221871936078
1986-01-14T15:15:00,native_showcase,mcp,23.068264867611166,20.962558770972134,21.08824656595152,21.027636557448133,22.519598139203442,11.0,5.0,11.0,5.0,20.0,-3.0749999999999997,20.5,22.5,0.11399669877263532,5.695245437519196,1.117889443686137,83.04007663729394
1986-01-14T15:30:00,native_showcase,mcp,22.95434259348208,20.893856139485507,21.012329810374005,21.07999607050912,22.501105364278985,11.0,5.0,11.0,5.0,20.0,-3.3499999999999996,20.5,22.5,0.11133310327111764,5.806578540790314,1.1895571467019679,84.22963378399591
1986-01-14T15:45:00,native_showcase,mcp,22.806688515497466,20.83400751959402,20.95068291768845,21.133511739304048,22.49927517900959,11.0,5.0,11.0,5.0,20.0,-3.625,20.5,22.5,0.11258370658644211,5.919162247376756,1.1816289321537374,85.41126271614965
1986-01-14T16:00:00,native_showcase,mcp,22.62364489732407,20.77076373315007,20.890072382706762,21.169551215225503,22.388374709055253,11.0,5.0,11.0,5.0,20.0,-3.9,20.5,22.0,0.11562871567094406,6.0347909630476995,1.14819252025999,86.55945523640965
1986-01-14T16:23:00,native_showcase,mcp,22.208909983049153,20.554972860749526,20.65989020932733,21.02609837358547,22.11898637179621,11.0,5.0,11.0,5.0,20.0,-4.324999999999999,20.5,22.0,0.11562871567094406,6.150419678718643,1.191924570773779,87.75137980718343
1986-01-14T16:30:00,native_showcase,mcp,22.02566482508626,20.506188983107865,20.56212223247664,20.942375620262702,22.040378894612797,11.0,5.0,11.0,5.0,20.0,-4.75,20.5,22.0,0.11198929589886576,6.262408974617509,1.3087923032501612,89.06017211043358
1986-01-14T16:45:00,native_showcase,mcp,22.00122868739481,20.503017511415663,20.50528998204352,20.75959944818858,22.00382000369937,11.0,5.0,11.0,5.0,20.0,-5.174999999999999,20.5,22.0,0.10178745432650442,6.364196428944013,1.6377672755813728,90.69793938601495
1986-01-14T17:00:00,native_showcase,mcp,21.913081761468725,20.36958398949115,20.422446784027496,20.601105365776025,21.99956240798865,11.0,5.0,11.0,5.0,20.0,-5.6,20.0,22.0,0.10041227150925607,6.46460870045327,1.6712058020305647,92.36914518804552
1986-01-14T17:15:00,native_showcase,mcp,21.688899669623304,20.261561945564704,20.33229995127403,20.4798774096428,21.99914239522336,11.0,5.0,11.0,5.0,20.0,-5.874999999999999,20.0,22.0,0.09994818522150734,6.564556885674777,1.6892880075586267,94.05843319560415
1986-01-14T17:30:00,native_showcase,mcp,21.43715842467205,20.19378088801945,20.271883825023746,20.377381231961337,21.999144062862133,11.0,5.0,11.0,5.0,20.0,-6.15,20.0,22.0,0.09957967641027086,6.664136562085048,1.7249847689344622,95.78341796453861
1986-01-14T17:45:00,native_showcase,mcp,21.21708102394847,20.137687638088785,20.225330938606415,20.283584983494357,21.999167934174025,11.0,5.0,11.0,5.0,20.0,-6.425000000000001,20.0,22.0,0.09930438237946704,6.763440944464515,1.762665080308632,97.54608304484725
1986-01-14T18:00:00,native_showcase,mcp,21.028366230776,20.08276937134517,20.1809090838604,20.197692320925174,21.999182178638467,11.0,5.0,11.0,5.0,20.0,-6.7,20.0,22.0,0.09907581457032733,6.862516759034842,1.8007445362760834,99.34682758112334
1986-01-14T18:23:00,native_showcase,mcp,20.326889735864174,20.002107028972617,20.00136438813344,20.003712632897543,21.912660130965996,5.5,2.5,5.5,2.5,10.0,-6.825,20.0,22.0,0.09183615471624539,6.954352913751087,2.425561691133464,101.7723892722568
1986-01-14T18:38:00,native_showcase,mcp,20.003898150163803,20.00121307142929,20.002130210749435,20.000684696649053,21.775504535703192,5.5,2.5,5.5,2.5,10.0,-6.95,20.0,22.0,0.09183615471624539,7.046189068467332,2.4285635833590944,104.2009528556159
1986-01-14T18:45:00,native_showcase,mcp,20.00186154550365,20.001121128401376,20.002392915799636,20.00328843145218,21.68339098615775,5.5,2.5,5.5,2.5,10.0,-7.075,20.0,22.0,0.09183615471624539,7.138025223183577,2.5841622252221006,106.785115080838
1986-01-14T19:00:00,native_showcase,mcp,20.002309206436898,20.00164406724935,20.00195149550571,20.00256173309443,21.592640407305222,5.5,2.5,5.5,2.5,10.0,-7.2,20.0,22.0,0.09183615471624539,7.229861377899822,2.6900440206726763,109.47515910151067
1986-01-14T19:23:00,native_showcase,mcp,20.001251974249797,19.99998270408123,20.001731919034967,20.00109580290744,21.035668431500632,0.0,0.0,0.0,0.0,0.0,-7.2,20.0,22.0,0.09183615471624539,7.321697532616067,3.209421689798861,112.68458079130953
1986-01-14T19:38:00,native_showcase,mcp,20.001508573160628,20.000913275029564,20.001286812940126,20.000769156812204,20.625401527881454,0.0,0.0,0.0,0.0,0.0,-7.2,20.0,22.0,0.09183615471624539,7.413533687332312,3.3720462414854175,116.05662703279495
1986-01-14T19:45:00,native_showcase,mcp,20.00173913957504,20.000171477683427,20.0019003475973,20.00237565308197,20.440947323034802,0.0,0.0,0.0,0.0,0.0,-7.2,20.0,22.0,0.09183615471624539,7.505369842048557,3.466091491395662,119.52271852419061
1986-01-14T20:00:00,native_showcase,mcp,20.000668846312458,20.001289223209803,20.00231136749899,19.99848380758207,20.32350063238312,0.0,0.0,0.0,0.0,0.0,-7.2,20.0,22.0,0.09183615471624539,7.597205996764802,3.5382001194832267,123.06091864367383
1986-01-14T20:15:00,native_showcase,mcp,20.000071717947254,20.000337146159843,19.99867037606361,19.99593324270603,20.180208566727202,0.0,0.0,0.0,0.0,0.0,-7.75,20.0,22.0,0.09183615471624539,7.689042151481047,1.192814859192596,124.25373350286642
1986-01-14T20:30:00,native_showcase,mcp,19.999265134153507,19.998255067971133,19.999078276674915,19.99891683674559,20.055871647895433,0.0,0.0,0.0,0.0,0.0,-8.3,20.0,22.0,0.09183615471624539,7.780878306197292,1.4355814764522488,125.68931497931867
1986-01-14T20:45:00,native_showcase,mcp,20.000725792543193,20.000074338747567,20.00136662879852,19.99896547361602,20.001710139093944,0.0,0.0,0.0,0.0,0.0,-8.850000000000001,20.0,22.0,0.09183615471624539,7.872714460913537,1.5822407559185139,127.27155573523719
1986-01-14T21:04:00,native_showcase,mcp,18.33707945973746,18.506200735023263,18.32317258019067,18.51316055252365,19.878479808771637,0.0,0.0,0.0,0.0,0.0,-9.4,18.0,24.0,0.09183615471624539,7.964550615629782,0.0,127.27155573523719
1986-01-14T21:20:00,native_showcase,mcp,18.088038305250485,18.275758370851428,18.055115686278537,18.286281000397594,19.7520363906641,0.0,0.0,0.0,0.0,0.0,-9.4,18.0,24.0,0.09183615471624539,8.056386770346027,0.0,127.27155573523719
1986-01-14T21:30:00,native_showcase,mcp,18.005007606439534,18.140665346769122,18.00263614297488,18.151743526673688,19.678893828191526,0.0,0.0,0.0,0.0,0.0,-9.4,18.0,24.0,0.09183615471624539,8.148222925062273,0.04099195355758746,127.31254768879478
1986-01-14T21:45:00,native_showcase,mcp,17.999758378965264,18.010883623760083,17.999330741722527,18.013122211598645,19.588867159255564,0.0,0.0,0.0,0.0,0.0,-9.4,18.0,24.0,0.09183615471624539,8.240059079778518,0.15441166379691965,127.4669593525917
1986-01-14T22:00:00,native_showcase,mcp,17.76573743328943,17.843546279341975,17.75496127494643,17.846995275545723,19.512448020437578,0.0,0.0,0.0,0.0,0.0,-9.4,15.0,23.0,0.09183615471624539,8.331895234494764,0.0,127.4669593525917
1986-01-14T22:15:00,native_showcase,mcp,17.520167128700425,17.669367382433705,17.50562066287516,17.674721549258855,19.425882492515253,0.0,0.0,0.0,0.0,0.0,-9.975000000000001,15.0,23.0,0.09183615471624539,8.42373138921101,0.0,127.4669593525917
1986-01-14T22:30:00,native_showcase,mcp,17.32261409363354,17.508737431978957,17.311070176118836,17.513747180343042,19.331459327572123,0.0,0.0,0.0,0.0,0.0,-10.55,15.0,23.0,0.09183615471624539,8.515567543927256,0.0,127.4669593525917
1986-01-14T22:45:00,native_showcase,mcp,17.166940554907036,17.35811960830522,17.15938960666412,17.361804959473773,19.235873128983606,0.0,0.0,0.0,0.0,0.0,-11.124999999999998,15.0,23.0,0.09183615471624539,8.607403698643502,0.0,127.4669593525917
1986-01-14T23:00:00,native_showcase,mcp,17.01444756435611,17.212961003552373,17.011421248010713,17.21530524511609,19.141882489413423,0.0,0.0,0.0,0.0,0.0,-11.7,15.0,23.0,0.09183615471624539,8.699239853359748,0.0,127.4669593525917
1986-01-14T23:15:00,native_showcase,mcp,16.874605004498072,17.07523610642313,16.874912515588154,17.07628017018782,19.05587496653527,0.0,0.0,0.0,0.0,0.0,-12.374999999999998,15.0,23.0,0.09183615471624539,8.791076008075994,0.0,127.4669593525917
1986-01-14T23:30:00,native_showcase,mcp,16.74263612792359,16.943598108545896,16.746103002183336,16.9433365515929,18.97651086880102,0.0,0.0,0.0,0.0,0.0,-13.05,15.0,23.0,0.09183615471624539,8.88291216279224,0.0,127.4669593525917
1986-01-14T23:45:00,native_showcase,mcp,16.614572210776547,16.81611374892061,16.621261497125747,16.81453746514538,18.901123500118967,0.0,0.0,0.0,0.0,0.0,-13.725000000000001,15.0,23.0,0.09183615471624539,8.974748317508485,0.0,127.4669593525917
1986-01-15T00:00:00,native_showcase,mcp,16.489564704405566,16.691728928307267,16.49936224057952,16.688841721929414,18.828442176503586,0.0,0.0,0.0,0.0,0.0,-14.4,12.0,23.0,0.09183615471624539,9.066584472224731,0.0,127.4669593525917
